[
    {
        "type": "TUBETYPEMATIC",
        "name": "ECOMAX H01 70/90-14",
        "price": "Rp. 89.000",
        "brand": "Corsa",
        "brand_img": "https://planetban.com/media/manufacturers/logo_icon_corsa.png",
        "thumb_alt": "ECOMAX H01 70/90-14",
        "thumb_img": "https://planetban.com/media/catalog/product/cache/1/small_image/220x220/9df78eab33525d08d6e5fb8d27136e95/b/a/battlax-h01-01.jpg"
    },
    {
        "type": "TUBETYPEMATIC",
        "name": "ECOMAX H01 80/90-14",
        "price": "Rp. 117.000",
        "brand": "Corsa",
        "brand_img": "https://planetban.com/media/manufacturers/logo_icon_corsa.png",
        "thumb_alt": "ECOMAX H01 80/90-14",
        "thumb_img": "https://planetban.com/media/catalog/product/cache/1/small_image/220x220/9df78eab33525d08d6e5fb8d27136e95/b/a/battlax-h01-01_1.jpg"
    },
    {
        "type": "TUBETYPEMATIC",
        "name": "ECOMAX H01 90/90-14",
        "price": "Rp. 145.000",
        "brand": "Corsa",
        "brand_img": "https://planetban.com/media/manufacturers/logo_icon_corsa.png",
        "thumb_alt": "ECOMAX H01 90/90-14",
        "thumb_img": "https://planetban.com/media/catalog/product/cache/1/small_image/220x220/9df78eab33525d08d6e5fb8d27136e95/b/a/battlax-h01-01_2.jpg"
    },
    {
        "type": "TUBETYPEBEBEK",
        "name": "ECOMAX H02 70/90-17",
        "price": "Rp. 119.000",
        "brand": "Corsa",
        "brand_img": "https://planetban.com/media/manufacturers/logo_icon_corsa.png",
        "thumb_alt": "ECOMAX H02 70/90-17",
        "thumb_img": "https://planetban.com/media/catalog/product/cache/1/small_image/220x220/9df78eab33525d08d6e5fb8d27136e95/b/a/battlax-h02-01_2.jpg"
    },
    {
        "type": "TUBETYPEBEBEK",
        "name": "ECOMAX H02 80/90-17",
        "price": "Rp. 149.000",
        "brand": "Corsa",
        "brand_img": "https://planetban.com/media/manufacturers/logo_icon_corsa.png",
        "thumb_alt": "ECOMAX H02 80/90-17",
        "thumb_img": "https://planetban.com/media/catalog/product/cache/1/small_image/220x220/9df78eab33525d08d6e5fb8d27136e95/b/a/battlax-h02-01_3.jpg"
    },
    {
        "type": "TUBETYPEMATIC",
        "name": "IRC NR72 TUBETYPE",
        "price": "Rp. 135.000",
        "brand": "IRC",
        "brand_img": "https://planetban.com/media/manufacturers/logo_icon_irc_tire.png",
        "thumb_alt": "IRC NR72 TUBETYPE",
        "thumb_img": "https://planetban.com/media/catalog/product/cache/1/small_image/220x220/9df78eab33525d08d6e5fb8d27136e95/i/m/image-produk-irc-nr72-01.jpg"
    },
    {
        "type": "TUBETYPEMATIC",
        "name": "IRC SS 530 TUBETYPE",
        "price": "Rp. 141.000",
        "brand": "IRC",
        "brand_img": "https://planetban.com/media/manufacturers/logo_icon_irc_tire.png",
        "thumb_alt": "IRC SS 530 TUBETYPE",
        "thumb_img": "https://planetban.com/media/catalog/product/cache/1/small_image/220x220/9df78eab33525d08d6e5fb8d27136e95/i/r/irc-ss-530-01.jpg"
    },
    {
        "type": "TUBELESSMATIC",
        "name": "FDR CITYGO TUBELESS",
        "price": "Rp. 200.000",
        "brand": "FDR",
        "brand_img": "https://planetban.com/media/manufacturers/logo_icon_fdr.png",
        "thumb_alt": "FDR CITYGO TUBELESS",
        "thumb_img": "https://planetban.com/media/catalog/product/cache/1/small_image/220x220/9df78eab33525d08d6e5fb8d27136e95/f/d/fdr-citygo-01.jpg"
    },
    {
        "type": "TUBETYPEBEBEK",
        "name": "FDR FLEMMO PRO TUBETYPE",
        "price": "Rp. 133.000",
        "brand": "FDR",
        "brand_img": "https://planetban.com/media/manufacturers/logo_icon_fdr.png",
        "thumb_alt": "FDR FLEMMO PRO TUBETYPE",
        "thumb_img": "https://planetban.com/media/catalog/product/cache/1/small_image/220x220/9df78eab33525d08d6e5fb8d27136e95/f/d/fdr-flemmo-pro-01.jpg"
    },
    {
        "type": "TUBELESSBEBEK",
        "name": "MICHELIN PILOT STREET TUBELESS",
        "price": "Rp. 258.000",
        "brand": "Michelin",
        "brand_img": "https://planetban.com/media/manufacturers/logo_icon_michelin.png",
        "thumb_alt": "MICHELIN PILOT STREET TUBELESS",
        "thumb_img": "https://planetban.com/media/catalog/product/cache/1/small_image/220x220/9df78eab33525d08d6e5fb8d27136e95/m/i/michelin-pilot-street-01_1_3.jpg"
    },
    {
        "type": "TUBELESSMATIC",
        "name": "MICHELIN CITY GRIP PRO TUBELESS",
        "price": "Rp. 222.000",
        "brand": "Michelin",
        "brand_img": "https://planetban.com/media/manufacturers/logo_icon_michelin.png",
        "thumb_alt": "MICHELIN CITY GRIP PRO TUBELESS",
        "thumb_img": "https://planetban.com/media/catalog/product/cache/1/small_image/220x220/9df78eab33525d08d6e5fb8d27136e95/m/i/michelin-city-grippro-01_13.jpg"
    },
    {
        "type": "TUBELESSMATIC",
        "name": "MICHELIN SIRAC STREET TUBELESS",
        "price": "Rp. 328.000",
        "brand": "Michelin",
        "brand_img": "https://planetban.com/media/manufacturers/logo_icon_michelin.png",
        "thumb_alt": "MICHELIN SIRAC STREET TUBELESS",
        "thumb_img": "https://planetban.com/media/catalog/product/cache/1/small_image/220x220/9df78eab33525d08d6e5fb8d27136e95/m/i/michelin-sirac-01_2_2.jpg"
    },
    {
        "type": "TUBELESSMATIC",
        "name": "MICHELIN CITY GRIP TUBELESS",
        "price": "Rp. 403.000",
        "brand": "Michelin",
        "brand_img": "https://planetban.com/media/manufacturers/logo_icon_michelin.png",
        "thumb_alt": "MICHELIN CITY GRIP TUBELESS",
        "thumb_img": "https://planetban.com/media/catalog/product/cache/1/small_image/220x220/9df78eab33525d08d6e5fb8d27136e95/m/i/michelin-city-grip-01_3.jpg"
    },
    {
        "type": "TUBELESSBEBEK",
        "name": "PIRELLI ANGEL SCOOTER TUBELESS",
        "price": "Rp. 429.000",
        "brand": "Pirelli",
        "brand_img": "https://planetban.com/media/manufacturers/logo_icon_pirelli.png",
        "thumb_alt": "PIRELLI ANGEL SCOOTER TUBELESS",
        "thumb_img": "https://planetban.com/media/catalog/product/cache/1/small_image/220x220/9df78eab33525d08d6e5fb8d27136e95/p/i/pirelli-angel-scooter-00.jpg"
    },
    {
        "type": "TUBELESSBEBEK",
        "name": "PIRELLI DIABLO ROSSO SPORT TUBELESS",
        "price": "Rp. 305.000",
        "brand": "Pirelli",
        "brand_img": "https://planetban.com/media/manufacturers/logo_icon_pirelli.png",
        "thumb_alt": "PIRELLI DIABLO ROSSO SPORT TUBELESS",
        "thumb_img": "https://planetban.com/media/catalog/product/cache/1/small_image/220x220/9df78eab33525d08d6e5fb8d27136e95/p/i/pirelli-diablo-rosso-sport-01_2.jpg"
    },
    {
        "type": "TUBELESSBEBEK",
        "name": "FDR GENZI PRO TUBELESS",
        "price": "Rp. 168.000",
        "brand": "FDR",
        "brand_img": "https://planetban.com/media/manufacturers/logo_icon_fdr.png",
        "thumb_alt": "FDR GENZI PRO TUBELESS",
        "thumb_img": "https://planetban.com/media/catalog/product/cache/1/small_image/220x220/9df78eab33525d08d6e5fb8d27136e95/f/d/fdr-genzi-pro-01.jpg"
    },
    {
        "type": "TUBELESSBEBEK",
        "name": "ASPIRA PREMIO SPORTIVO",
        "price": "Rp. 169.000",
        "brand": "Aspira",
        "brand_img": "https://planetban.com/media/manufacturers/logo_icon_aspira_premio.png",
        "thumb_alt": "ASPIRA PREMIO SPORTIVO",
        "thumb_img": "https://planetban.com/media/catalog/product/cache/1/small_image/220x220/9df78eab33525d08d6e5fb8d27136e95/a/s/aspira-premio-sportivor13-03_1_1.jpg"
    },
    {
        "type": "TUBELESSBEBEK",
        "name": "ASPIRA PREMIO TERRENO",
        "price": "Rp. 200.000",
        "brand": "Aspira",
        "brand_img": "https://planetban.com/media/manufacturers/logo_icon_aspira_premio.png",
        "thumb_alt": "ASPIRA PREMIO TERRENO ",
        "thumb_img": "https://planetban.com/media/catalog/product/cache/1/small_image/220x220/9df78eab33525d08d6e5fb8d27136e95/a/s/aspira-premio-terreno-03_13.jpg"
    },
    {
        "type": "TUBETYPEMATIC",
        "name": "PLANETO SE-30 TUBETYPE",
        "price": "Rp. 111.000",
        "brand": "Corsa",
        "brand_img": "https://planetban.com/media/manufacturers/logo_icon_corsa.png",
        "thumb_alt": "PLANETO SE-30 TUBETYPE",
        "thumb_img": "https://planetban.com/media/catalog/product/cache/1/small_image/220x220/9df78eab33525d08d6e5fb8d27136e95/b/a/battlax-se30-03_7.jpg"
    },
    {
        "type": "TUBETYPEMATIC",
        "name": "CORSA ECOMAX H-01 TUBETYPE",
        "price": "Rp. 89.000",
        "brand": "Corsa",
        "brand_img": "https://planetban.com/media/manufacturers/logo_icon_corsa.png",
        "thumb_alt": "CORSA ECOMAX H-01 TUBETYPE",
        "thumb_img": "https://planetban.com/media/catalog/product/cache/1/small_image/220x220/9df78eab33525d08d6e5fb8d27136e95/b/a/battlax-h01-01_3.jpg"
    },
    {
        "type": "TUBELESSBEBEK",
        "name": "CORSA ECOMAX H-01 TUBELESS",
        "price": "Rp. 109.000",
        "brand": "Corsa",
        "brand_img": "https://planetban.com/media/manufacturers/logo_icon_corsa.png",
        "thumb_alt": "CORSA ECOMAX H-01 TUBELESS",
        "thumb_img": "https://planetban.com/media/catalog/product/cache/1/small_image/220x220/9df78eab33525d08d6e5fb8d27136e95/b/a/battlax-h01-01_4.jpg"
    },
    {
        "type": "TUBETYPEBEBEK",
        "name": "CORSA ECOMAX H-02 TUBETYPE",
        "price": "Rp. 119.000",
        "brand": "Corsa",
        "brand_img": "https://planetban.com/media/manufacturers/logo_icon_corsa.png",
        "thumb_alt": "CORSA ECOMAX H-02 TUBETYPE",
        "thumb_img": "https://planetban.com/media/catalog/product/cache/1/small_image/220x220/9df78eab33525d08d6e5fb8d27136e95/b/a/battlax-h02-01_6.jpg"
    },
    {
        "type": "TUBELESSBEBEK",
        "name": "CORSA ECOMAX H-02 TUBELESS",
        "price": "Rp. 142.000",
        "brand": "Corsa",
        "brand_img": "https://planetban.com/media/manufacturers/logo_icon_corsa.png",
        "thumb_alt": "CORSA ECOMAX H-02 TUBELESS",
        "thumb_img": "https://planetban.com/media/catalog/product/cache/1/small_image/220x220/9df78eab33525d08d6e5fb8d27136e95/b/a/battlax-h02-01_5.jpg"
    }
]