[
    {
        "Model": "Premio 70/80-17 Sportivo Ban Tubeless Aspira Duo Massimo Motor Bebek",
        "Harga": "Grosir",
        "Harga Diskon": "Rp109.000",
        "Terjual": "61 Terjual",
        "Kota": "KOTA BANDUNG"
    },
    {
        "Model": "Premio 80/80-17 Sportivo Ban Tubeless Aspira Duo Massimo Motor Bebek",
        "Harga": "Grosir",
        "Harga Diskon": "Rp129.000",
        "Terjual": "54 Terjual",
        "Kota": "KOTA BANDUNG"
    },
    {
        "Model": "IRC 90/80-14 Fasti Pro Soft Compound Racing Ban Luar Motor Matic Balap",
        "Harga": "Grosir",
        "Harga Diskon": "Rp269.000",
        "Terjual": "87 Terjual",
        "Kota": "KOTA BANDUNG"
    },
    {
        "Model": "CnC Pentil Tubeless Ban Tubeles Motor Mobil Variasi Warna Warni Bagus",
        "Harga": "Grosir",
        "Harga Diskon": "Rp10.000",
        "Terjual": "701 Terjual",
        "Kota": "KOTA BANDUNG"
    },
    {
        "Model": "Pentil Tubeless Panjang Ban Tubeles Motor Mobil Drat Bagus Awet",
        "Harga": "Grosir",
        "Harga Diskon": "Rp5.000",
        "Terjual": "165 Terjual",
        "Kota": "KOTA BANDUNG"
    },
    {
        "Model": "IRC 80/80-14 Fasti Pro Soft Compound Racing Ban Luar Motor Matic Balap",
        "Harga": "Grosir",
        "Harga Diskon": "Rp249.000",
        "Terjual": "32 Terjual",
        "Kota": "KOTA BANDUNG"
    },
    {
        "Model": "Pentil Tubeless Karet Ban Motor Mobil Velg Cop Tubeles Kop Tubles",
        "Harga": "Grosir",
        "Harga Diskon": "Rp2.000",
        "Terjual": "905 Terjual",
        "Kota": "KOTA BANDUNG"
    },
    {
        "Model": "Pirelli 90/80-17 Diablo Rosso Sport Rear Ban Tubeless Belakang Motor",
        "Harga": "Grosir",
        "Harga Diskon": "Rp384.000",
        "Terjual": "4 Terjual",
        "Kota": "KOTA BANDUNG"
    },
    {
        "Model": "IRC 90/80-17 Fasti Pro Soft Compound Racing Ban Luar Motor Bebek Balap",
        "Harga": "Grosir",
        "Harga Diskon": "Rp399.000",
        "Terjual": "27 Terjual",
        "Kota": "KOTA BANDUNG"
    },
    {
        "Model": "AHM 80/90-14 KVB Tubetype Ban Motor Matic Original Honda Federal",
        "Harga": "Grosir",
        "Harga Diskon": "Rp121.000",
        "Terjual": "12 Terjual",
        "Kota": "KOTA BANDUNG"
    },
    {
        "Model": "Ban Racing Mizzle MR01 90/80-14 MR1 MR one",
        "Harga": "Grosir",
        "Harga Diskon": "Rp229.000",
        "Terjual": "36 Terjual",
        "Kota": "KOTA BANDUNG"
    },
    {
        "Model": "Ban Corsa 80/80-14 R46 Platinum Soft Compound Racing Tubeless",
        "Harga": "Grosir",
        "Harga Diskon": "Rp189.000",
        "Terjual": "3 Terjual",
        "Kota": "KOTA BANDUNG"
    },
    {
        "Model": "FDR 130/70-12 Sport Zevo Ban Tubeless Motor New Scoopy Vespa Ring 12",
        "Harga": "Grosir",
        "Harga Diskon": "Rp254.000",
        "Terjual": "9 Terjual",
        "Kota": "KOTA BANDUNG"
    },
    {
        "Model": "Ban Dalam IRC 80/90-14 Motor Matic",
        "Harga": "Grosir",
        "Harga Diskon": "Rp29.000",
        "Terjual": "52 Terjual",
        "Kota": "KOTA BANDUNG"
    },
    {
        "Model": "FDR 90/80-14 Sport XR Evo Ban Tubeless Motor Matic Honda Yamaha",
        "Harga": "Grosir",
        "Harga Diskon": "Rp185.000",
        "Terjual": "54 Terjual",
        "Kota": "KOTA BANDUNG"
    },
    {
        "Model": "Maxxis 90/80-14 MA3DN Ban Tubeless Motor Matic Matik MA 3DN",
        "Harga": "Grosir",
        "Harga Diskon": "Rp186.000",
        "Terjual": "22 Terjual",
        "Kota": "KOTA BANDUNG"
    },
    {
        "Model": "FDR 80/90-14 Flemino Tubeless Ban Motor Matic",
        "Harga": "Grosir",
        "Harga Diskon": "Rp155.000",
        "Terjual": "22 Terjual",
        "Kota": "KOTA BANDUNG"
    },
    {
        "Model": "Refill Isi Ulang Tambal Ban Tubeless Lem Cacing Karet Tubles Nankai",
        "Harga": "Grosir",
        "Harga Diskon": "Rp10.000",
        "Terjual": "63 Terjual",
        "Kota": "KOTA BANDUNG"
    },
    {
        "Model": "FDR 80/90-17 Flemmo Tubetype Ban Motor Bebek Honda Yamaha Suzuki",
        "Harga": "Grosir",
        "Harga Diskon": "Rp145.000",
        "Terjual": "41 Terjual",
        "Kota": "KOTA BANDUNG"
    },
    {
        "Model": "Pirelli 100/80-10 SL38 Ban Motor Vespa Classic Klasik Tua LX LV S Zip",
        "Harga": "Grosir",
        "Harga Diskon": "Rp309.000",
        "Terjual": "7 Terjual",
        "Kota": "KOTA BANDUNG"
    },
    {
        "Model": "Pentil Tubeless Pendek Ban Motor Crome Kualitas Bagus",
        "Harga": "Grosir",
        "Harga Diskon": "Rp4.000",
        "Terjual": "166 Terjual",
        "Kota": "KOTA BANDUNG"
    },
    {
        "Model": "IRC 90/90-14 SS-530 Ban Motor Matic Honda Yamaha Tubetype",
        "Harga": "Grosir",
        "Harga Diskon": "Rp159.000",
        "Terjual": "29 Terjual",
        "Kota": "KOTA BANDUNG"
    },
    {
        "Model": "FDR 80/90-14 Facio Ban Motor Matik Tubeless",
        "Harga": "Grosir",
        "Harga Diskon": "Rp159.000",
        "Terjual": "15 Terjual",
        "Kota": "KOTA BANDUNG"
    },
    {
        "Model": "Maxxis 80/90-14 MA3DN Ban Tubeless Motor Matic Matik MA 3DN",
        "Harga": "Grosir",
        "Harga Diskon": "Rp155.000",
        "Terjual": "38 Terjual",
        "Kota": "KOTA BANDUNG"
    },
    {
        "Model": "Michelin 100/80-14 Pilot Street Ban Motor Tubeless Motor Matic",
        "Harga": "Grosir",
        "Harga Diskon": "Rp367.000",
        "Terjual": "2 Terjual",
        "Kota": "KOTA BANDUNG"
    }
]